Email,Name
anke@mooncreativelab.com,Anke Pierik
maryann@mooncreativelab.com,Mary Ann Gallo
peter@mooncreativelab.com,Peter Antonelli
michelle@mooncreativelab.com,Michelle McCune
kaichi@mooncreativelab.com,Kaichi Yokoyama
jeremy@mooncreativelab.com,Jeremy Clark
takashi@mooncreativelab.com,Takashi Ishikawa
mike@mooncreativelab.com,Michael Peng